City Code;Name of city;Total number of deaths;Total number of people;Mortality rate
IT002C1;Milano;14009;1240173;0.011296004670316157
IT003C1;Napoli;9859;961106;0.010257973626218128
IT004C1;Torino;9792;869312;0.011264080100125156
IT005C1;Palermo;6559;656829;0.009985856288318573
IT006C1;Genova;8339;584644;0.014263380792413845
IT007C1;Firenze;4529;357318;0.012674984187754324
IT008C1;Bari;2607;315408;0.008265484705524273
IT009C1;Bologna;4833;371151;0.013021654259317636
IT010C1;Catania;3404;293104;0.01161362519788198
IT011C1;Venezia;3457;260856;0.013252522464501487
IT012C1;Verona;2840;251842;0.011276911714487655
IT013C1;Cremona;879;69675;0.012615715823466092
IT014C1;Trento;985;114063;0.008635578583765112
IT015C1;Trieste;3087;201814;0.015296262895537475
IT016C1;Perugia;1695;162097;0.010456701851360606
IT017C1;Ancona;1146;100465;0.011406957646941721
IT019C1;Pescara;1427;116846;0.012212655974530579
IT020C1;Campobasso;414;48675;0.008505392912172572
IT021C1;Caserta;681;75625;0.009004958677685951
IT022C1;Taranto;1968;199936;0.00984314980793854
IT023C1;Potenza;620;66698;0.009295631053404899
IT024C1;Catanzaro;760;89319;0.008508827908955541
IT025C1;Reggio di Calabria;1833;180719;0.010142818408689734
IT026C1;Sassari;1184;123624;0.0095774283310684
IT027C1;Cagliari;1701;149343;0.01138988770816175
IT028C1;Padova;2539;205631;0.012347360077031187
IT029C1;Brescia;2165;189085;0.011449877039426713
IT030C1;Modena;1957;179095;0.010927161562299339
IT031C1;Foggia;1416;147045;0.009629705192288075
IT032C1;Salerno;1455;132741;0.010961195109272945
IT033C1;Piacenza;1197;100195;0.011946703927341684
IT034C1;Bolzano;1062;102486;0.010362390960716585
IT035C1;Udine;1181;98174;0.01202966162120317
IT036C1;La Spezia;1306;92418;0.01413144625505854
IT037C1;Lecce;902;89615;0.010065279250125536
IT038C1;Barletta;686;94322;0.007272958588664362
IT039C1;Pesaro;995;94346;0.010546287070994
IT040C1;Como;958;82124;0.011665286639715552
IT041C1;Pisa;1127;85517;0.013178666230106295
IT042C1;Treviso;941;81026;0.011613556142472786
IT043C1;Varese;931;79405;0.01172470247465525
IT044C1;Busto Arsizio;888;79392;0.011185006045949214
IT045C1;Asti;838;73863;0.011345328513599501
IT046C1;Pavia;897;68352;0.013123244382022472
IT047C1;Massa;792;68802;0.011511293276358246
IT048C1;Cosenza;812;69376;0.011704335793357933
IT052C1;Savona;893;60595;0.014737189537090519
IT054C1;Matera;452;59859;0.007551078367496951
IT056C1;Acireale;515;51447;0.01001030186405427
IT057C1;Avellino;568;54270;0.010466187580615441
IT058C1;Pordenone;519;50365;0.010304775141467288
IT060C1;Lecco;569;46673;0.012191202622501233
IT061C1;Altamura;425;69585;0.0061076381404038226
IT062C1;Bitonto;429;56277;0.007623007623007623
IT063C1;Molfetta;628;60425;0.010393049234588333
IT064C1;Battipaglia;378;50450;0.0074925668979187315
IT065C1;Bisceglie;463;54626;0.008475817376340936
IT066C1;Carpi;701;67355;0.010407542127533219
IT067C1;Cerignola;398;56638;0.007027084289699495
IT068C1;Gallarate;472;50354;0.00937363466656075
IT069C1;Gela;618;75707;0.00816304965194764
IT070C1;Saronno;396;38644;0.010247386398923506
IT071C1;Bagheria;504;54185;0.009301467195718373
IT072C1;Anzio;347;49790;0.006969270937939346
IT073C1;Sassuolo;394;39932;0.009866773514975459
IT501C1;Messina;2631;242914;0.010830993685007863
IT502C1;Prato;1868;184885;0.010103577899775536
IT503C1;Parma;1931;175842;0.010981449255581715
IT504C1;Livorno;1978;156779;0.012616485626263722
IT505C1;Reggio nell'Emilia;1531;162570;0.009417481700190687
IT506C1;Ravenna;1680;153458;0.010947620847397985
IT507C1;Ferrara;1889;132295;0.014278695339959938
IT508C1;Rimini;1393;139727;0.009969440408797154
IT509C1;Siracusa;1187;118442;0.010021782813528985
IT510C1;Monza;1175;119928;0.009797545193782937
IT511C1;Bergamo;1409;115374;0.012212456879366234
IT512C1;Forlì;1317;116363;0.011318030645480093
IT513C1;Latina;999;117760;0.00848335597826087
IT514C1;Vicenza;1092;111222;0.009818201434967902
IT515C1;Terni;1440;109110;0.013197690404179268
IT516C1;Novara;1115;101739;0.010959415759934735
IT517C1;Giugliano in Campania;715;108904;0.006565415411738779
IT518C1;Alessandria;1189;89493;0.013285955326114892
IT519C1;Arezzo;1061;98018;0.010824542430982064
IT520C1;Grosseto;817;78457;0.010413347438724397
IT521C1;Brindisi;801;88734;0.00902697951179931
IT522C1;Trapani;762;69183;0.011014266510558953
IT523C1;Ragusa;813;69863;0.0116370611053061
IT524C1;Andria;713;100133;0.007120529695504979
IT525C1;Trani;350;55826;0.00626948017052986
IT526C1;L'Aquila;739;66905;0.011045512293550558
LT001C1;Vilnius;5740;533279;0.010763596541397654
LT002C1;Kaunas;4020;310773;0.012935486673552722
LT003C1;Panevėžys;1246;98469;0.012653728584630696
LT004C1;Alytus;653;58515;0.011159531743997265
LT501C1;Klaipėda;2001;160142;0.012495160545016298
LT502C1;Šiauliai;1323;107689;0.012285377336589624
LU001C1;Luxembourg;634;99852;0.006349397107719425
LV001C1;Rīga;8921;649853;0.013727719961283552
LV002C1;Liepāja;1046;74812;0.01398171416350318
LV003C1;Jelgava;647;58332;0.011091682095590756
LV501C1;Daugavpils;1349;90879;0.014843913335313989
MT001C1;Valletta;1733;201559;0.008597978755600097
NL001C2;;4180;502055;0.008325781039925904
NL002C2;Greater Amsterdam     ;5535;790110;0.007005353684929947
NL003C2;;5592;616260;0.009074092103982086
NL004C2;;1855;316275;0.005865149000079045
NL005C2;;1939;217225;0.008926228564852113
NL006C1;Tilburg;1675;207580;0.008069178148183833
NL007C1;Groningen;1382;193127;0.00715591294847432
NL008C1;Enschede;1438;158048;0.009098501720996154
NL009C1;Arnhem;140813;16730348;0.008416621100768495
NL009C2;;1258;149271;0.008427624923796317
NL010C2;;1026;89016;0.011526017794553789
NL011C1;Almere;973;193163;0.005037196564559465
NL012C1;Breda;1497;176401;0.008486346449283167
NL013C1;Nijmegen;1299;165182;0.007864052983981306
NL014C1;Apeldoorn;1495;156961;0.009524658991724059
NL015C1;Leeuwarden;855;95321;0.00896969188321566
NL016C2;;1100;94535;0.011635902046860951
NL018C1;Hilversum;874;85537;0.010217800484001076
NL020C1;Roosendaal;775;77426;0.010009557512980136
NL021C2;;490;72171;0.006789430657743415
NL023C1;Purmerend;729;79266;0.009196881386723185
NL026C1;Alphen aan den Rijn;526;72853;0.007220018393202751
NL028C1;Bergen op Zoom;587;66130;0.008876455466505367
NL030C1;Gouda;640;71235;0.008984347581947076
NL031C1;Hoorn;544;71254;0.007634659106857159
NL032C2;Greater Middelburg      ;926;92314;0.010030981216283553
NL501C2;;1455;151818;0.009583843812986602
NL502C1;Zaanstad;1247;148281;0.008409708593818493
NL503C1;'s-Hertogenbosch;1146;141893;0.008076508354887133
NL504C1;Amersfoort;955;148250;0.006441821247892074
NL505C1;Maastricht;1240;121050;0.010243700950020652
NL507C2;;845;118748;0.00711590932057803
NL508C1;Haarlemmermeer;825;143943;0.005731435359829932
NL509C1;Zoetermeer;768;122331;0.0062780489001152615
NL511C1;Zwolle;885;121527;0.00728233232121257
NL512C2;;877;108763;0.008063403914934307
NL513C1;Deventer;818;98672;0.008290092427436354
NL514C2;;784;94269;0.008316625826093414
NL515C1;Venlo;918;100027;0.009177522069041358
NL516C1;Helmond;651;88801;0.0073309985247913875
NL517C1;Hengelo;683;80939;0.00843845365027984
NL519C1;Almelo;631;72757;0.008672705031818244
NL520C1;Lelystad;489;75312;0.006492989165073295
NL521C1;;746;90006;0.008288336333133346
NL522C1;;630;67053;0.009395552771688067
NL524C1;;468;63810;0.007334273624823695
NL528C1;;855;92965;0.009197009627279084
NL529C1;;723;70013;0.010326653621470299
NO001C1;Oslo;4362;613285;0.007112517019004215
NO002C1;Bergen;2031;263762;0.0077001235962723975
NO003C1;Trondheim;1214;176348;0.006884115498899903
NO004C1;Stavanger;901;127506;0.007066334133295688
NO005C1;Kristiansand;691;83243;0.008300998282137838
NO006C1;Tromsø;380;69116;0.005498003356675734
PL001C1;Warszawa;18460;1715517;0.010760604529130285
PL002C1;Łódź;10255;718960;0.014263658618003784
PL003C1;Kraków;7334;758334;0.009671200289054691
PL004C1;Wrocław;6487;631188;0.010277445071832798
PL005C1;Poznań;5678;550742;0.010309727603850806
PL006C1;Gdańsk;4614;460427;0.010021132557386948
PL007C1;Szczecin;4231;408913;0.010346944215517725
PL008C1;Bydgoszcz;3775;361254;0.010449711283473677
PL009C1;Lublin;3170;347678;0.00911763183175237
PL010C1;Katowice;3605;307233;0.011733765578567406
PL011C1;Białystok;2306;294921;0.007819043065770156
PL012C1;Kielce;1913;200938;0.009520349560560968
PL013C1;Toruń;1903;204299;0.009314778829069158
PL014C1;Olsztyn;1455;174641;0.008331376938977675
PL015C1;Rzeszów;1312;182028;0.007207682334585888
PL016C1;Opole;1181;121576;0.009714088306902678
PL017C1;Gorzów Wielkopolski;1162;124609;0.009325169129035624
PL018C1;Zielona Góra;1136;119023;0.00954437377649698
PL019C1;Jelenia Góra;1021;82846;0.012324071168191585
PL020C1;Nowy Sącz;702;84129;0.008344328352886638
PL021C1;Suwałki;470;69404;0.006771943980174054
PL022C1;Konin;680;77847;0.00873508291905918
PL023C1;Żory;427;62052;0.006881325340037388
PL024C1;Częstochowa;2703;234472;0.011528028933092224
PL025C1;Radom;2277;219703;0.010363991388374306
PL026C1;Płock;1265;123627;0.010232392600321936
PL027C1;Kalisz;1177;104676;0.011244220260613703
PL028C1;Koszalin;997;109343;0.00911809626587893
PL029C1;Słupsk;1030;94849;0.010859365939546015
PL030C1;Jastrzębie-Zdrój;795;91723;0.008667400760986885
PL031C1;Siedlce;626;76393;0.008194468079536082
PL032C1;Piotrków Trybunalski;848;76404;0.011098895345793414
PL033C1;Lubin;637;74669;0.008530983406768538
PL034C1;Piła;721;74930;0.009622314159882557
PL035C1;Inowrocław;776;75517;0.010275831931882888
PL036C1;Ostrowiec Świętokrzyski;751;72871;0.010305882998723773
PL037C1;Gniezno;732;70141;0.010436121526639199
PL038C1;Stargard Szczeciński;635;69724;0.00910733750215134
PL039C1;Ostrów Wielkopolski;694;72933;0.009515582795168167
PL040C1;Przemyśl;601;64276;0.009350301823386645
PL041C1;Zamość;499;65612;0.007605316100713284
PL042C1;Chełm;567;65897;0.008604337071490355
PL043C1;Pabianice;955;68321;0.013978132638573792
PL044C1;Głogów;571;69185;0.00825323408253234
PL045C1;Stalowa Wola;449;64189;0.0069949679851687985
PL046C1;Tomaszów Mazowiecki;803;65454;0.012268157790203807
PL047C1;Łomża;480;62812;0.007641851875437814
PL048C1;Leszno;554;64722;0.008559686041840486
PL049C1;Świdnica;641;59737;0.010730368113564457
PL050C1;Zgierz;747;57803;0.012923204677957892
PL051C1;Tczew;617;60769;0.010153203113429545
PL052C1;Ełk;415;59646;0.006957717198135667
PL501C1;Gdynia;2438;248726;0.009801950740976013
PL502C1;Sosnowiec;2632;213513;0.012327118255094537
PL503C1;Gliwice;1967;186210;0.010563342462810805
PL504C1;Zabrze;1780;179452;0.009919086998194503
PL505C1;Bytom;2124;174724;0.01215631510267622
PL506C1;Bielsko-Biała;1733;174370;0.009938636233297013
PL507C1;Ruda Śląska;1608;142346;0.011296418585699634
PL508C1;Rybnik;1274;140789;0.009049002407858569
PL509C1;Tychy;1206;129112;0.009340727430447983
PL511C1;Wałbrzych;1642;119171;0.013778519941932181
PL512C1;Elbląg;1281;123659;0.010359132776425493
PL513C1;Włocławek;1250;115546;0.010818202274418846
PL514C1;Tarnów;1022;112952;0.009048091224590977
PL515C1;Chorzów;1481;111168;0.013322179044329304
PL516C1;Legnica;1096;102422;0.010700825994415263
PL517C1;Grudziądz;1053;97971;0.010748078513029365
PT001C1;Lisboa;7033;537412;0.013086793744836364
PT002C1;Porto;2789;233061;0.011966824136170359
PT003C1;Braga;1138;182176;0.006246706481644124
PT004C1;Funchal;1110;109990;0.010091826529684517
PT005C1;Coimbra;1400;141360;0.009903791737408036
PT006C1;Setúbal;1193;120864;0.00987059835848557
PT007C1;Ponta Delgada;538;68846;0.007814542602329838
PT008C1;Aveiro;678;78093;0.008681956129230534
PT009C1;Faro;607;63172;0.009608687393148864
PT010C1;Seixal;1200;160237;0.007488907056422674
PT011C1;Amadora;1449;175738;0.008245228692713016
PT012C1;Almada;1868;173574;0.010761980480947607
PT013C1;Odivelas;1100;146970;0.007484520650472885
PT014C1;Viseu;936;99093;0.009445672247282856
PT015C1;Valongo;614;94577;0.006492064666885184
PT016C1;Viana do Castelo;844;88522;0.009534353042181604
PT017C1;Paredes;627;87159;0.007193749354627749
PT018C1;Barreiro;941;78574;0.011975971695471785
PT019C1;Póvoa de Varzim;486;63504;0.007653061224489796
PT501C1;Sintra;2618;379786;0.006893355731912182
PT502C1;Vila Nova de Gaia;2491;303430;0.008209471706818705
PT503C1;Matosinhos;1461;175869;0.00830731965269604
PT504C1;Gondomar;1294;168363;0.007685774190291216
PT505C1;Guimarães;1122;158048;0.007099109131403118
PT508C1;Vila Franca de Xira;1031;138142;0.0074633348293784655
RO001C1;Bucureşti;21565;2148098;0.010039113671722612
RO002C1;Cluj-Napoca;2823;320400;0.008810861423220974
RO003C1;Timişoara;2923;333749;0.008758078675891163
RO004C1;Craiova;2605;309208;0.00842474968306124
RO005C1;Brăila;2322;217493;0.010676205670987112
RO006C1;Oradea;1973;224049;0.008806109377859308
RO007C1;Bacău;1557;195088;0.00798101369638317
RO008C1;Arad;1936;181025;0.010694655434332274
RO009C1;Sibiu;1544;169751;0.009095675430483473
RO010C1;Târgu Mureş;1374;152287;0.009022437896865786
RO011C1;Piatra Neamţ;951;117612;0.008085909601061116
RO012C1;Cǎlǎraşi;650;79045;0.008223164020494654
RO013C1;Giurgiu;684;70805;0.009660334722124143
RO014C1;Alba Iulia;576;73421;0.007845166914098147
RO015C1;Focşani;651;95858;0.006791295457864758
RO016C1;Târgu Jiu;666;97923;0.0068012622162311204
RO017C1;Tulcea;762;91598;0.008318958929234262
RO018C1;Târgovişte;627;95556;0.006561597387919126
RO019C1;Slatina;443;85924;0.0051557190074949955
RO020C1;Bârlad;613;74603;0.008216827741511735
RO021C1;Roman;615;72487;0.008484279939851284
RO022C1;Bistriţa;567;92448;0.006133177570093458
RO501C1;Constanţa;3310;321077;0.010309053591506087
RO502C1;Iaşi;2712;341503;0.007941365083176428
RO503C1;Galaţi;2568;307785;0.008343486524684439
RO504C1;Braşov;2616;292300;0.00894970920287376
RO505C1;Ploieşti;2500;237117;0.010543318277474832
RO506C1;Piteşti;1241;178456;0.006954095127090151
RO507C1;Baia Mare;1216;149619;0.008127310034153417
RO508C1;Buzău;1187;138785;0.008552797492524408
RO509C1;Satu Mare;1130;124839;0.009051658536194619
RO510C1;Botoşani;823;124565;0.006606992333319953
RO511C1;Râmnicu Vâlcea;756;119417;0.006330756927405646
RO512C1;Suceava;810;116865;0.006931074316519061
RO513C1;Drobeta-Turnu Severin;904;112373;0.008044637056944283
SE001C1;Stockholm;6706;864324;0.007758664574858502
SE002C1;Göteborg;4261;520374;0.008188341462102258
SE003C1;Malmö;2649;302835;0.008747337659121304
SE004C1;Jönköping;1101;128305;0.008581115311172597
SE005C1;Umeå;832;116465;0.007143777100416434
SE006C1;Uppsala;1364;200001;0.006819965900170499
SE007C1;Linköping;1180;147334;0.008009013533875411
SE008C1;Örebro;1240;137121;0.00904310791199014
SE501C1;Västerås;1327;134684;0.009852692227733065
SE502C1;Norrköping;1259;128060;0.009831329064501015
SE503C1;Helsingborg;1280;126754;0.010098300645344525
SE504C1;Lund;775;107351;0.007219308623114829
SE505C1;Borås;969;101487;0.00954802092878891
SI001C1;Ljubljana;2272;280607;0.008096733153485124
SI002C1;Maribor;1236;111550;0.01108023307933662
SK001C1;Bratislava;4050;413192;0.009801738659025344
SK002C1;Košice;2057;240688;0.008546333842983447
SK003C1;Banská Bystrica;675;79775;0.008461297398934503
SK004C1;Nitra;713;78875;0.009039619651347069
SK005C1;Prešov;723;91638;0.007889740064165521
SK006C1;Žilina;778;81515;0.009544255658467766
SK007C1;Trnava;524;66219;0.007913136713027983
SK008C1;Trenčín;460;55832;0.008239002722453074
TR001C1;Ankara;;;0.01
TR002C1;Adana;;;0.01
TR003C1;Antalya;;;0.01
TR004C1;Balıkesir;;;0.01
TR005C1;Bursa;;;0.01
TR006C1;Denizli;;;0.01
TR007C1;Diyarbakır;;;0.01
TR008C1;Edirne;;;0.01
TR009C1;Erzurum;;;0.01
TR010C1;Gaziantep;;;0.01
TR011C1;Hatay;;;0.01
TR012C1;İstanbul;;;0.01
TR013C1;İzmir;;;0.01
TR014C1;Kars;;;0.01
TR015C1;Kastamonu;;;0.01
TR016C1;Kayseri;;;0.01
TR017C1;Kocaeli;;;0.01
TR018C1;Konya;;;0.01
TR019C1;Malatya;;;0.01
TR020C1;Manisa;;;0.01
TR021C1;Nevşehir;;;0.01
TR022C1;Samsun;;;0.01
TR023C1;Siirt;;;0.01
TR024C1;Trabzon;;;0.01
TR025C1;Van;;;0.01
TR026C1;Zonguldak;;;0.01
UK002C1;Birmingham;8231;1079900;0.007622002037225669
UK003C1;Leeds;6462;754200;0.00856801909307876
UK004C1;Glasgow City;6499;594100;0.01093923581888571
UK005C1;Bradford;4261;523900;0.008133231532735255
UK006C1;Liverpool;4253;467700;0.009093435963224289
UK007C1;City of Edinburgh;4265;480300;0.00887986674994795
UK008C1;Manchester;3466;506800;0.006838989739542225
UK009C1;Cardiff;2716;347000;0.007827089337175793
UK010C1;Sheffield;4796;554600;0.00864767399927876
UK011C1;Bristol;3248;430300;0.007548222170578666
UK012C2;Belfast;3186;334548;0.009523297105348112
UK013C1;Newcastle upon Tyne;2423;280800;0.008628917378917378
UK014C1;Leicester;2336;330600;0.007065940713853599
UK016C1;Aberdeen City;2078;223700;0.009289226642825213
UK017C1;Cambridge;900;123900;0.007263922518159807
UK018C1;Exeter;1021;118200;0.008637901861252115
UK019C1;Lincoln;816;93800;0.008699360341151386
UK020C1;Gravesham;824;102300;0.008054740957966764
UK021C1;Stevenage;695;84500;0.008224852071005918
UK022C1;Wrexham;1260;135500;0.009298892988929889
UK023C1;Portsmouth;1621;206100;0.007865114022319262
UK024C1;Worcester;822;99100;0.00829465186680121
UK025C1;Coventry;2614;320000;0.00816875
UK026C1;Kingston-upon-Hull;2370;256700;0.009232567199065057
UK027C1;Stoke-on-trent;2444;249300;0.009803449659045328
UK028C1;Wolverhampton;2390;250400;0.009544728434504792
UK029C1;Nottingham;2286;306300;0.007463271302644466
UK030C1;Wirral;3541;320000;0.011065625
UK031C1;Bath and North East Somerset;1567;176600;0.008873159682899208
UK032C1;Thurrock;1135;158900;0.007142857142857143
UK033C1;Guildford;988;138600;0.007128427128427129
UK034C1;Thanet;1651;135000;0.01222962962962963
UK035C1;Nuneaton and Bedworth;1142;125600;0.009092356687898089
UK038C1;Waveney;1437;115500;0.012441558441558441
UK040C1;Tunbridge Wells;933;115400;0.008084922010398614
UK041C1;Ashford;947;119300;0.007937971500419111
UK043C1;East Staffordshire;985;114100;0.008632778264680105
UK044C1;Darlington;1074;105400;0.010189753320683111
UK045C1;Worthing;1318;105300;0.01251661918328585
UK046C1;Mansfield;1022;104600;0.00977055449330784
UK047C1;Chesterfield;1103;103800;0.010626204238921001
UK050C1;Burnley;1000;87100;0.011481056257175661
UK051C1;Great Yarmouth;1121;97500;0.011497435897435897
UK052C1;Woking;782;99400;0.007867203219315895
UK053C1;Hartlepool;905;92200;0.009815618221258135
UK054C1;Cannock Chase;851;97800;0.008701431492842535
UK055C1;Eastbourne;1287;99700;0.012908726178535607
UK056C1;Hastings;947;90300;0.010487264673311184
UK057C1;Hyndburn;787;80400;0.009788557213930349
UK059C1;Redditch;634;84400;0.007511848341232227
UK060C1;Tamworth;562;77000;0.007298701298701298
UK061C1;Harlow;702;82400;0.008519417475728156
UK062C1;Halton;1206;125700;0.009594272076372316
UK101C1;City of London;28;7500;0.0037333333333333333
UK102C1;Barking and Dagenham;1266;188800;0.006705508474576271
UK103C1;Barnet;2318;360700;0.006426393124480178
UK104C1;Bexley;1881;233500;0.008055674518201284
UK105C1;Brent;1632;313500;0.005205741626794259
UK106C1;Bromley;2586;312300;0.008280499519692603
UK107C1;Camden;1088;222500;0.004889887640449438
UK108C1;Croydon;2445;366900;0.006663941128372854
UK109C1;Ealing;1887;340000;0.00555
UK110C1;Enfield;1957;315600;0.006200887198986058
UK111C1;Greenwich;1580;257800;0.006128782001551591
UK112C1;Hackney;1045;249700;0.004185022026431718
UK113C1;Hammersmith and Fulham;855;181100;0.004721148536720044
UK114C1;Haringey;1145;257200;0.004451788491446345
UK115C1;Harrow;1460;241400;0.006048053024026512
UK116C1;Havering;2241;238800;0.009384422110552763
UK117C1;Hillingdon;1926;278600;0.006913137114142139
UK118C1;Hounslow;1427;257000;0.005552529182879377
UK119C1;Islington;1030;208700;0.0049353138476281744
UK120C1;Kensington and Chelsea;834;157100;0.005308720560152769
UK121C1;Kingston upon Thames;1020;162200;0.006288532675709001
UK122C1;Lambeth;1380;307300;0.004490725675235925
UK123C1;Lewisham;1500;279200;0.0053724928366762174
UK124C1;Merton;1227;201400;0.006092353525322741
UK125C1;Newham;1302;312300;0.004169068203650336
UK126C1;Redbridge;1722;283000;0.006084805653710247
UK127C1;Richmond upon Thames;1191;188300;0.006325013276686139
UK128C1;Southwark;1277;291100;0.004386808656818963
UK129C1;Sutton;1422;192400;0.007390852390852391
UK130C1;Tower Hamlets;1057;259500;0.004073217726396917
UK131C1;Waltham Forest;1451;261200;0.005555130168453292
UK132C1;Wandsworth;1547;308000;0.0050227272727272725
UK133C1;Westminster;1136;221700;0.00512404149751917
UK501C1;Kirklees;3635;424200;0.00856907119283357
UK502C1;North Lanarkshire (Airdrie/Bellshill/Coatbridge/Motherwell);3369;337800;0.009973357015985791
UK503C1;Wakefield;3182;327000;0.009730886850152906
UK504C1;Dudley;2945;313400;0.009396936821952777
UK505C1;Wigan;3054;318400;0.009591708542713568
UK506C1;Doncaster;3095;302600;0.010228023793787178
UK507C1;Stockport;2671;283600;0.009418194640338506
UK508C1;Sefton;3163;273800;0.011552227903579255
UK509C1;Sandwell;2818;310200;0.009084461637653127
UK510C1;Sunderland;2888;275500;0.010482758620689656
UK511C1;Bolton;2558;278100;0.009198130169003955
UK512C1;Walsall;2448;270200;0.009059955588452998
UK513C1;Medway;2130;266600;0.007989497374343586
UK514C1;Rotherham;2581;258000;0.010003875968992248
UK515C1;Brighton and Hove;2137;274400;0.007787900874635568
UK516C1;Plymouth;2453;257300;0.009533618344345123
UK517C1;Swansea;2447;239200;0.010229933110367894
UK518C1;Derby;2134;249800;0.00854283426741393
UK519C1;Barnsley;2206;232800;0.00947594501718213
UK520C1;Southampton;1849;237600;0.007781986531986532
UK521C1;Oldham;1983;225500;0.00879379157427938
UK522C1;Salford;2220;235800;0.009414758269720101
UK523C1;Tameside;2211;220000;0.01005
UK524C1;Trafford;1861;227800;0.008169446883230904
UK525C1;Milton Keynes;1654;251100;0.006587017124651534
UK526C1;Rochdale;1916;212000;0.009037735849056604
UK527C1;Solihull;1931;207100;0.00932399806856591
UK528C1;Northampton;1799;213500;0.008426229508196721
UK529C1;North Tyneside;1987;201300;0.00987083954297069
UK530C1;Gateshead;2144;200300;0.010703944083874189
UK531C1;Warrington;1817;203200;0.008941929133858268
UK532C1;Luton;1451;204700;0.0070884220810942845
UK533C1;York;1794;198900;0.009019607843137255
UK534C1;Bury;1785;185800;0.009607104413347686
UK535C1;Swindon;1615;210800;0.007661290322580645
UK536C1;Stockton-on-Tees;1634;192100;0.008505986465382613
UK537C1;St. Helens;1767;175800;0.010051194539249146
UK538C1;Basildon;1507;175700;0.008577120091064315
UK539C1;Bournemouth;2001;185100;0.01081037277147488
UK540C1;Wycombe;1250;172600;0.007242178447276941
UK541C1;Southend-on-Sea;1663;174600;0.00952462772050401
UK542C1;Telford and Wrekin;1366;167300;0.008164973102211596
UK543C1;North East Lincolnshire;1695;159700;0.010613650594865373
UK544C1;Chelmsford;1414;168900;0.00837181764357608
UK545C1;Peterborough;1466;185400;0.00790722761596548
UK546C1;Colchester;1440;174800;0.008237986270022883
UK547C1;South Tyneside;1686;148300;0.011368846931894808
UK548C1;Basingstoke and Deane;1178;169500;0.006949852507374631
UK549C1;Bedford;1278;158500;0.008063091482649842
UK550C1;Dundee City;1687;147500;0.011437288135593221
UK551C1;Falkirk;1576;156500;0.010070287539936102
UK552C1;Reading;1129;156200;0.0072279129321382845
UK553C1;Blackpool;1822;142000;0.012830985915492957
UK554C1;Maidstone;1364;156500;0.008715654952076678
UK555C1;Poole;1605;148300;0.010822656776803776
UK556C1;Dacorum;1210;146000;0.008287671232876713
UK557C1;Blackburn with Darwen;1225;147700;0.008293838862559242
UK558C1;Newport;1421;145900;0.00973954763536669
UK559C1;Middlesbrough;1394;138600;0.010057720057720057
UK560C1;Oxford;932;151400;0.006155878467635403
UK561C1;Torbay;1681;131300;0.012802741812642803
UK562C1;Preston;1222;140300;0.008709907341411261
UK563C1;St Albans;996;141600;0.007033898305084746
UK564C1;Warwick;1149;138200;0.008314037626628076
UK565C1;Newcastle-under-Lyme;1238;124000;0.009983870967741936
UK566C1;Norwich;1043;133200;0.00783033033033033
UK567C1;Slough;762;141300;0.005392781316348195
UK568C2;Cheshire West and Chester;3316;329900;0.010051530766899061
UK569C1;Ipswich;1094;134100;0.008158090976882923
UK571C1;Cheltenham;1036;115900;0.008938740293356342
UK572C1;Gloucester;988;122700;0.008052159739201304
UK573C1;Bracknell Forest;730;114400;0.006381118881118881
UK575C1;Carlisle;1152;107700;0.010696378830083566
UK576C1;Crawley;776;107700;0.007205199628597957
UK577C1;Watford;697;96588;0.00721621733548681
UK578C1;Gosport;815;85018;0.009586205274177233
UK579C1;Eastleigh;1030;129331;0.007964061207289822
UK580C1;Rushmoor;703;95835;0.007335524599572181
UK581C1;Rugby;980;103629;0.009456812282276197
UK582C1;Corby;570;67521;0.008441818101035234
UK583C1;Kettering;873;98326;0.008878628236682057
UK584C1;Inverclyde (Greenock);1006;79330;0.012681205092650952
UK585C1;Renfrewshire (Paisley);2070;175245;0.011812034580159206
UK586C1;Derry & Strabane Local Government District;1089;148626;0.007327116386096645
AT001C1;Wien;16332;1741246;0.009379490319001451
AT002C1;Graz;2068;265778;0.0077809299490552266
AT003C1;Linz;2017;191501;0.010532582075289424
AT004C1;Salzburg;1383;145871;0.009480979769796602
AT005C1;Innsbruck;1109;122458;0.009056166195756913
AT006C1;Klagenfurt;947;95450;0.009921424829753799
BE001C1;Bruxelles / Brussel;9406;1159448;0.00811248111170143
BE002C1;Antwerpen;5193;507368;0.010235174469024456
BE003C1;Gent;2460;249205;0.009871391023454586
BE004C1;Charleroi;2370;204762;0.011574413221203153
BE005C1;Liège;4417;379978;0.011624357199627346
BE006C1;Brugge;1277;117617;0.010857274033515564
BE007C1;Namur;1260;110753;0.011376666997733697
BE008C1;Leuven;841;98056;0.008576731663539202
BE009C1;Mons;1048;93398;0.01122079701920812
BE010C1;Kortrijk;892;75667;0.01178849432381355
BE011C1;Oostende;960;70655;0.013587148821739439
BG001C1;Sofia;14210;1208097;0.011762300543747729
BG002C1;Plovdiv;3822;338184;0.01130153999006458
BG003C1;Varna;3356;334781;0.010024463753916739
BG004C1;Burgas;2144;199484;0.010747729141184255
BG005C1;Pleven;1318;105673;0.01247243856046483
BG006C1;Ruse;1991;149134;0.013350409698660266
BG007C1;Vidin;596;47382;0.012578616352201259
BG008C1;Stara Zagora;1527;137416;0.011112243115794377
BG009C1;Sliven;1052;91042;0.011555106434392918
BG010C1;Dobrich;1100;90375;0.012171507607192255
BG011C1;Shumen;1052;80511;0.01306653749177131
BG012C1;Pernik;1130;79169;0.01427326352486453
BG013C1;Yambol;930;73268;0.01269312660370148
BG014C1;Haskovo;810;75641;0.010708478206263798
BG015C1;Pazardzhik;815;71437;0.011408653778854095
BG016C1;Blagoevgrad;661;70656;0.009355185688405798
BG017C1;Veliko Tarnovo;685;68735;0.00996581072233942
BG018C1;Vratsa;762;59700;0.012763819095477387
CH001C1;Zürich;3457;376990;0.009170004509403432
CH002C1;Genève;1353;188234;0.007187861916550676
CH003C1;Basel;1867;164516;0.011348440273286488
CH004C1;Bern;1404;125681;0.011171139631288738
CH005C1;Lausanne;1074;129383;0.008300935980770271
CH006C1;Winterthur;788;103075;0.007644918748484114
CH007C1;St. Gallen;707;73505;0.009618393306577783
CH008C1;Luzern;766;78093;0.009808817691726531
CH009C2;Lugano;455;55151;0.008250077061159362
CH010C1;Biel/Bienne;554;51635;0.010729156579839257
CY001C1;Lefkosia;5504;862000;0.006385150812064965
CY501C2;Lemesos;5504;862000;0.006385150812064965
CZ001C1;Praha;12411;1246780;0.009954442644251592
CZ002C1;Brno;3925;378327;0.010374623011310322
CZ003C1;Ostrava;3341;297421;0.011233235043927632
CZ004C1;Plzeň;1755;167472;0.010479363714531384
CZ005C1;Ústí nad Labem;947;93747;0.010101656586344097
CZ006C1;Olomouc;996;99471;0.010012968603914709
CZ007C1;Liberec;1059;102113;0.010370863651053245
CZ008C1;České Budějovice;1021;93467;0.010923641499138733
CZ009C1;Hradec Králové;947;93035;0.010178964905680658
CZ010C1;Pardubice;989;89467;0.011054355237126539
CZ011C1;Zlín;747;75555;0.0098868374032162
CZ012C1;Kladno;794;68551;0.011582617321410337
CZ013C1;Karlovy Vary;557;50172;0.011101809774376145
CZ014C1;Jihlava;490;50598;0.009684177240207122
CZ015C1;Havířov;869;77371;0.01123159840250223
CZ016C1;Most;673;67490;0.009971847681137947
CZ017C1;Karviná;710;57842;0.012274817606583452
CZ018C2;Chomutov-Jirkov;734;69417;0.010573778757364911
DE001C1;Berlin;32218;3326002;0.00968670493884249
DE002C1;Hamburg;17012;1718187;0.00990113416060068
DE003C1;München;10846;1364920;0.007946253260264338
DE004C1;Köln;9536;1013665;0.009407447233553492
DE005C1;Frankfurt am Main;5801;676533;0.008574600204276805
DE006C1;Essen;7180;565900;0.012687754020144902
DE007C1;Stuttgart;5117;591015;0.008657986683925112
DE008C1;Leipzig;5751;510043;0.011275519907145084
DE009C1;Dresden;5040;517765;0.0097341457997354
DE010C1;Dortmund;6702;571403;0.011729024873863106
DE011C1;Düsseldorf;6073;589649;0.010299347577965875
DE012C1;Bremen;6082;544043;0.011179263403811831
DE013C1;Hannover;5411;509485;0.010620528572970744
DE014C1;Nürnberg;5414;490085;0.011047063264535743
DE015C1;Bochum;4417;362585;0.0121819711240123
DE017C1;Bielefeld;3323;327199;0.0101558990094713
DE018C1;Halle an der Saale;2813;230494;0.012204222235719802
DE019C1;Magdeburg;2657;228910;0.01160718186186711
DE020C1;Wiesbaden;2663;270952;0.009828309073193776
DE021C1;Göttingen;1077;116052;0.00928032261400062
DE022C1;Mülheim a.d.Ruhr;2141;166804;0.012835423610944582
DE023C1;Moers;1135;103831;0.01093122477872697
DE025C1;Darmstadt;1425;145845;0.009770646919674997
DE026C1;Trier;1027;106284;0.009662790260057959
DE027C1;Freiburg im Breisgau;1768;214234;0.008252658308205046
DE028C1;Regensburg;1320;136352;0.00968082609716029
DE029C1;Frankfurt (Oder);731;59063;0.01237661480114454
DE030C1;Weimar;650;62886;0.01033616385204974
DE031C1;Schwerin;1112;91327;0.012176026804778434
DE032C1;Erfurt;2202;201952;0.01090358104896213
DE033C1;Augsburg;2950;269402;0.010950178543589135
DE034C1;Bonn;2904;307530;0.00944298117256853
DE035C1;Karlsruhe;2917;291995;0.009989897087278892
DE036C1;Mönchengladbach;2946;254834;0.011560466813690481
DE037C1;Mainz;1825;201002;0.009079511646650282
DE039C1;Kiel;2421;237667;0.010186521477529485
DE040C1;Saarbrücken;2159;176497;0.012232502535453861
DE041C1;Potsdam;1431;157603;0.009079776400195428
DE042C1;Koblenz;1250;107954;0.011579005872871778
DE043C1;Rostock;2167;201813;0.01073766308414225
DE044C1;Kaiserslautern;1125;96963;0.011602363788249127
DE045C1;Iserlohn;1165;94367;0.012345417359882161
DE046C1;Esslingen am Neckar;917;87519;0.010477724836892561
DE047C1;Hanau;942;86803;0.010852159487575314
DE048C1;Wilhelmshaven;1064;76926;0.013831474403972649
DE049C1;Ludwigsburg;851;86939;0.009788472377184002
DE050C1;Tübingen;575;83248;0.006907072842590813
DE051C1;Villingen-Schwenningen;858;80268;0.010689191209448348
DE052C1;Flensburg;982;82801;0.011859760147824302
DE053C1;Marburg;611;72190;0.008463776146280648
DE054C1;Konstanz;706;78539;0.008989164618851781
DE055C1;Neumünster;895;77201;0.011593114078833176
DE056C1;Brandenburg an der Havel;901;71381;0.012622406522744148
DE057C1;Gießen;707;74776;0.00945490531721408
DE058C1;Lüneburg;680;73581;0.009241516152267568
DE059C1;Bayreuth;787;71214;0.01105119779818575
DE060C1;Celle;881;69972;0.012590750585948666
DE061C1;Aschaffenburg;743;67470;0.01101230176374685
DE062C1;Bamberg;808;70712;0.011426631971942528
DE063C1;Plauen;951;64468;0.014751504622448347
DE064C1;Neubrandenburg;700;64027;0.010932887688006623
DE065C1;Fulda;690;64414;0.010711957027975285
DE066C1;Kempten (Allgäu);736;64300;0.011446345256609642
DE067C1;Landshut;729;64277;0.01134153740840425
DE068C1;Sindelfingen;552;60452;0.009131211539734004
DE069C1;Rosenheim;525;59543;0.008817157348470854
DE070C1;Frankenthal (Pfalz);509;46617;0.010918763541197416
DE071C1;Stralsund;769;56921;0.013509952390154775
DE072C1;Friedrichshafen;626;57153;0.010953055832589716
DE073C1;Offenburg;580;57158;0.010147310962594913
DE074C1;Görlitz;854;54441;0.01568670671001635
DE075C1;Sankt Augustin;472;54100;0.008724584103512015
DE076C1;Neu-Ulm;532;53300;0.009981238273921202
DE077C1;Schweinfurt;708;52118;0.01358455811811658
DE078C1;Greifswald;516;55949;0.009222684945217966
DE079C1;Wetzlar;601;50826;0.011824656671782159
DE080C1;Speyer;586;49712;0.011787898294174445
DE081C1;Passau;543;48623;0.01116755444954034
DE082C1;Dessau-Roßlau;1215;85488;0.01421252105558675
DE501C1;Duisburg;6026;487470;0.012361786366340492
DE502C1;Mannheim;3063;291458;0.01050923289118844
DE503C1;Gelsenkirchen;3361;257994;0.013027434746544494
DE504C1;Münster;2416;293393;0.008234688625836336
DE505C1;Chemnitz;3197;240543;0.013290762982086363
DE506C1;Braunschweig;2781;243829;0.011405534206349531
DE507C1;Aachen;2316;238665;0.009703978379737289
DE508C1;Krefeld;2664;221864;0.01200735585764252
DE509C1;Oberhausen;2637;210256;0.01254185374020242
DE510C1;Lübeck;2634;210679;0.012502432610749055
DE511C1;Hagen;2398;187333;0.01280073452087993
DE513C1;Kassel;2098;191854;0.010935398792832049
DE514C1;Hamm;1998;176474;0.011321781112231831
DE515C1;Herne;2160;154887;0.013945650700187879
DE516C1;Solingen;1868;155080;0.012045395924684035
DE517C1;Osnabrück;1630;154513;0.010549274171105344
DE518C1;Ludwigshafen am Rhein;1685;158637;0.01062173389562334
DE519C1;Leverkusen;1691;159373;0.010610329227660895
DE520C1;Oldenburg (Oldenburg);1575;157706;0.009986937719554107
DE521C1;Neuss;1555;151070;0.01029324154365526
DE522C1;Heidelberg;1098;148415;0.00739817403901223
DE523C1;Paderborn;1191;143174;0.0083185494573037
DE524C1;Würzburg;1391;124449;0.011177269403530764
DE525C1;Recklinghausen;1542;115648;0.013333563918096291
DE526C1;Wolfsburg;1380;120889;0.011415430684346797
DE527C1;Bremerhaven;1405;108139;0.012992537382442966
DE528C1;Bottrop;1355;117074;0.011573876351709176
DE529C1;Heilbronn;1189;116716;0.010187120874601597
DE530C1;Remscheid;1309;110132;0.011885737115461446
DE531C1;Offenbach am Main;1143;114855;0.009951678202951548
DE532C1;Ulm;1162;117541;0.009885912149803047
DE533C1;Pforzheim;1322;115211;0.011474598779630417
DE534C1;Ingolstadt;1148;126076;0.009105618833084805
DE535C1;Gera;1428;95746;0.014914461178534873
DE536C1;Salzgitter;1249;98588;0.012668884651276018
DE537C1;Reutlingen;1048;110084;0.009520002906871116
DE538C1;Fürth;1220;116640;0.010459533607681756
DE539C1;Cottbus;1254;99974;0.01254326124792446
DE540C1;Siegen;1115;99230;0.011236521213342739
DE541C1;Bergisch Gladbach;1247;109026;0.011437638728376718
DE542C1;Hildesheim;1195;102584;0.011648990095921392
DE543C1;Witten;1254;96221;0.013032498103324639
DE544C1;Zwickau;1212;93081;0.013020917265607375
DE545C1;Erlangen;985;104312;0.009442825370043715
DE546C1;Wuppertal;4129;342570;0.012053011063432291
DE547C1;Jena;938;106428;0.00881347013943699
DE548C1;Düren, Stadt;869582;80327900;0.010825404373822794
DE549C1;Bocholt, Stadt;869582;80327900;0.010825404373822794
DK001C1;København;4150;549050;0.007558510153902195
DK002C1;Århus;2340;314545;0.007439317108839752
DK003C1;Odense;1739;191610;0.009075726736600386
DK004C2;Aalborg;1772;201142;0.008809696632229967
EE001C1;Tallinn;4187;403862;0.010367402726673964
EE002C1;Tartu;1019;99558;0.010235239759738042
EE003C1;Narva;843;60454;0.013944486717173387
EL001C1;Athina;10989;664046;0.016548552359324505
EL002C1;Thessaloniki;3438;315196;0.010907498826127236
EL003C1;Pátra;1376;170896;0.00805168055425522
EL004C1;Irakleio;986;151324;0.00651582035896487
EL005C1;Larisa;951;146926;0.006472646093952057
EL006C1;Volos;764;86046;0.008878971712804778
EL007C1;Ioannina;537;80371;0.0066815144766146995
EL008C1;Kavala;568;58790;0.009661507059023643
EL009C1;Kalamata;549;62409;0.008796808152670288
EL010C1;Chania;116668;10816286;0.010786327210652528
ES001C1;Madrid;27206;3233527;0.008413722848146931
ES002C1;Barcelona;16110;1620943;0.009938659163215487
ES003C1;Valencia;7139;797028;0.008957025349172174
ES004C1;Sevilla;6163;702355;0.008774764898092844
ES005C1;Zaragoza;6159;679624;0.009062363895330359
ES006C1;Málaga;4551;567433;0.008020330153515921
ES007C1;Murcia;3127;441354;0.0070850156563665445
ES008C1;Las Palmas;3214;382296;0.008407098164772846
ES009C1;Valladolid;2933;311501;0.009415700110112005
ES010C1;Palma de Mallorca;3020;407648;0.007408352303948504
ES011C1;Santiago de Compostela;832;95671;0.008696470194729855
ES012C1;Vitoria/Gasteiz;1819;242223;0.007509608914099817
ES013C1;Oviedo;2298;225973;0.010169356516043952
ES014C1;Pamplona/Iruña;1704;197604;0.008623307220501608
ES015C1;Santander;1951;178465;0.010932115540862354
ES016C1;Toledo;501;84019;0.005962936954736429
ES017C1;Badajoz;1177;152270;0.007729690681027123
ES018C1;Logroño;1276;153402;0.008318014106726118
ES019C1;Bilbao;3697;351629;0.010513922344289009
ES020C1;Córdoba;2730;328841;0.00830188449737107
ES021C1;Alicante/Alacant;2723;334678;0.008136178655304502
ES022C1;Vigo;2575;297355;0.008659682870642834
ES023C1;Gijón;3218;277733;0.01158666777084466
ES024C1;L'Hospitalet de Llobregat;2178;257057;0.008472828983455031
ES025C1;Santa Cruz de Tenerife;1866;206965;0.00901601720097601
ES026C1;A Coruña;2403;246146;0.009762498679645414
ES027C1;Barakaldo;1088;100369;0.010840000398529427
ES028C1;Reus;909;107211;0.008478607605562863
ES029C1;Telde;625;101300;0.006169792694965449
ES030C1;Parla;468;124208;0.003767873244879557
ES031C1;Lugo;928;98457;0.009425434453619347
ES032C1;San Fernando;633;96772;0.0065411482660273634
ES033C1;Girona;725;97198;0.0074590012140167495
ES034C1;Cáceres;756;95668;0.007902328887402266
ES035C1;Torrevieja;693;103720;0.006681450057848052
ES036C1;Pozuelo de Alarcón;383;83844;0.004568007251562425
ES037C1;Puerto de Santa María, El;643;89068;0.00721920330533974
ES038C1;Coslada;364;91832;0.003963759909399773
ES039C1;Avilés;896;83107;0.010781281961808272
ES040C1;Talavera de la Reina;692;88755;0.00779674384541716
ES041C1;Palencia;860;81198;0.01059139387669647
ES042C1;Sant Boi de Llobregat;680;83070;0.008185867340796918
ES043C1;Ferrol;898;71997;0.012472741919802214
ES044C1;Pontevedra;698;82684;0.008441778336800349
ES045C1;Ceuta;487;84018;0.005796376966840439
ES046C1;Gandia;568;79010;0.007188963422351601
ES047C1;Rozas de Madrid, Las;338;90390;0.0037393516981967033
ES048C1;Guadalajara;631;84803;0.0074407745009020905
ES049C1;Sant Cugat del Vallès;481;84946;0.005662420832058013
ES050C1;Manresa;738;76570;0.009638239519394019
ES051C1;Getxo;689;80026;0.008609701846899758
ES052C1;Rubí;522;74484;0.007008216529724505
ES053C1;Ciudad Real;585;74921;0.007808224663312022
ES054C1;Benidorm;522;72991;0.007151566631502514
ES055C1;Melilla;471;80802;0.005829063637038687
ES056C1;Viladecans;398;65188;0.006105418175124256
ES057C1;Ponferrada;600;68549;0.008752862915578637
ES058C1;San Sebastián de los Reyes;355;81466;0.004357646134583753
ES059C1;Zamora;714;65362;0.010923778342155993
ES060C1;Fuengirola;490;75953;0.006451358076705331
ES061C1;Cerdanyola del Vallès;394;57892;0.006805776273060181
ES062C1;Sanlúcar de Barrameda;518;67308;0.0076959648184465445
ES063C1;Vilanova i la Geltrú;587;66591;0.008815005030709856
ES064C1;Prat de Llobregat, El;490;63162;0.007757829074443495
ES065C1;Línea de la Concepción, La;586;64704;0.009056627101879327
ES066C1;Cornellà de Llobregat;676;87458;0.0077294244094308125
ES067C1;Majadahonda;285;70198;0.0040599447277700216
ES068C1;Torremolinos;409;68961;0.005930888473194994
ES069C1;Castelldefels;425;62989;0.006747209830287828
ES070C1;Irun;471;61102;0.007708421982913816
ES071C1;Granollers;438;59954;0.007305600960736565
ES072C1;Arrecife;260;56284;0.004619430033402033
ES073C1;Elda;527;54536;0.009663341645885287
ES074C1;Santa Lucía de Tirajana;291;67291;0.004324501047688398
ES075C1;Mollet del Vallès;316;52242;0.0060487730178783354
ES501C1;Granada;2203;239017;0.009216917625106165
ES503C1;Badalona;1606;220977;0.0072677246953302835
ES504C1;Móstoles;1054;206031;0.00511573501075081
ES505C1;Elche/Elx;1659;230587;0.007194681400078929
ES506C1;Cartagena;1631;216655;0.007528097666797443
ES507C1;Sabadell;1780;207938;0.008560243918860429
ES508C1;Jerez de la Frontera;1592;211900;0.007512977819726286
ES509C1;Fuenlabrada;652;198132;0.003290735469283104
ES510C1;San Sebastián/Donostia;1842;186409;0.009881497138013723
ES511C1;Alcalá de Henares;1082;203924;0.00530589827582825
ES512C1;Terrassa;1537;215678;0.007126364302339599
ES513C1;Leganés;1155;187125;0.006172344689378758
ES514C1;Almería;1526;191443;0.007971040988701598
ES515C1;Burgos;1659;179906;0.009221482329661045
ES516C1;Salamanca;1582;152048;0.010404609070819741
ES517C1;Alcorcón;978;169308;0.005776454745198101
ES518C1;Getafe;990;171280;0.005780009341429239
ES519C1;Albacete;1234;172472;0.007154784544737697
ES520C1;Castellón de la Plana/Castelló de la Plana;1320;180204;0.007325031630818405
ES521C1;Huelva;1237;148568;0.00832615368046955
ES522C1;Cádiz;1281;123948;0.01033497918481944
ES523C1;León;1439;131680;0.010928007290400972
ES524C1;San Cristóbal de la Laguna;1013;153224;0.006611235837727771
ES525C1;Tarragona;967;133954;0.00721889603893874
ES526C1;Santa Coloma de Gramenet;956;120593;0.007927491645452058
ES527C1;Jaén;984;116731;0.008429637371392346
ES528C1;Lleida;1098;139834;0.007852167570118855
ES529C1;Ourense;1098;107597;0.010204745485468925
ES530C1;Mataró;942;124084;0.007591631475452113
ES531C1;Dos Hermanas;654;128794;0.005077876298585338
ES532C1;Algeciras;935;116917;0.007997126166425755
ES533C1;Marbella;837;140473;0.005958440412036477
ES534C1;Torrejón de Ardoz;510;125331;0.004069224693012902
ES535C1;Alcobendas;515;111040;0.004637968299711815
ES536C1;Alcalá de Guadaíra;510;74845;0.006814082437036542
ES537C1;Alcoy;651;59567;0.010928870011919351
ES538C1;Ávila;493;58358;0.00844785633503547
ES539C1;Benalmádena;396;66598;0.00594612450824349
ES540C1;Chiclana de la Frontera;504;82777;0.006088647812798241
ES541C1;Collado Villalba;336;62056;0.0054144643547763315
ES542C1;Cuenca;538;55428;0.009706285631810637
ES543C1;Eivissa;325;49975;0.0065032516258129065
ES544C1;Linares;552;59737;0.00924050421012103
ES545C1;Lorca;677;91714;0.007381642933467082
ES546C1;Mérida;442;58971;0.007495209509759034
ES547C1;Sagunto;648;64944;0.009977827050997782
ES548C1;Torrelavega;626;53496;0.011701809481082698
ES549C1;Valdemoro;257;72854;0.0035276031515084965
ES550C1;Puerto de la Cruz;344;29412;0.011695906432748537
ES551C1;Paterna;393;67340;0.005836055836055836
ES552C1;Igualada;356;38751;0.009186859693943382
ES553C1;Torrent;640;80107;0.00798931429213427
ES554C1;Mislata;382;43320;0.008818097876269622
ES555C1;Rivas-Vaciamadrid;199;81473;0.002442526972125735
ES556C1;Santurtzi;503;46284;0.010867686457523118
ES557C1;Esplugues de Llobregat;396;45626;0.00867926182439837
ES558C1;San Vicente del Raspeig/Sant Vicent del Raspeig;388;56302;0.0068914070548115516
FI001C2;Helsinki / Helsingfors;5074;603968;0.008401107343435413
FI002C1;Tampere / Tammerfors;1852;215168;0.008607227840571089
FI003C1;Turku / Åbo;1835;178630;0.010272630577170688
FI004C3;Oulu / Uleåborg;948;143909;0.006587496265000799
FI005C1;Espoo / Esbo;1309;256824;0.005096875681400492
FI006C1;Vantaa / Vanda;1245;203001;0.006132974714410274
FI007C2;Lahti / Lahtis;1109;102308;0.010839817023106697
FI008C3;Kuopio;924;97433;0.009483439902291831
FI009C1;Jyväskylä;984;132062;0.007451045720949251
FR001C1;Paris;57971;9651508;0.00600641889329626
FR003C2;Lyon;7084;1032045;0.006864041781123885
FR004C2;Toulouse;3390;577508;0.005870048553439952
FR006C2;Strasbourg;2892;396228;0.007298827947545353
FR007C1;Bordeaux;4629;607983;0.007613699725156789
FR008C1;Nantes;3071;424684;0.007231259006696744
FR009C1;Lille;6466;889613;0.007268329037457861
FR010C1;Montpellier;1850;285120;0.006488496071829405
FR011C1;Saint-Etienne;1945;193443;0.010054641418919269
FR012C1;Le Havre;1966;197923;0.009933155823224182
FR013C2;Rennes;1472;209860;0.007014199942819022
FR014C2;Amiens;1119;136155;0.008218574418860857
FR016C1;Nancy;1628;203750;0.007990184049079755
FR017C2;Metz;1411;167833;0.008407166647798704
FR018C1;Reims;1646;207927;0.00791623983417257
FR019C1;Orléans;1374;202517;0.00678461561251648
FR020C2;Dijon;1601;193388;0.008278693610772126
FR021C2;Poitiers;686;97638;0.007025953010098528
FR022C2;Clermont-Ferrand;1595;191515;0.008328329373678302
FR023C2;Caen;1220;146044;0.008353646846155954
FR024C2;Limoges;1271;146634;0.00866783965519593
FR025C1;Besançon;934;116353;0.008027296245047399
FR026C2;Grenoble;1999;302914;0.0065992327855430915
FR027C1;Ajaccio;680;80751;0.008420948347388886
FR028C1;Saint Denis;709;145238;0.004881642545339374
FR030C1;Fort-de-France;839;105770;0.007932305946865842
FR032C2;Toulon;3714;325811;0.011399246802594142
FR034C2;Valenciennes;999;102689;0.009728403236958194
FR035C2;Tours;1993;239373;0.00832591812777548
FR036C2;Angers;1341;173921;0.007710397249325844
FR037C1;Brest;1226;139676;0.008777456399095048
FR038C2;Le Mans;1425;151286;0.009419245667146994
FR039C2;Avignon;912;106382;0.008572878870485608
FR040C2;Mulhouse;1532;180506;0.008487252501301897
FR042C1;Dunkerque;1402;138649;0.010111865213596924
FR043C2;Perpignan;1461;129888;0.011248152254249815
FR044C2;Nîmes;1327;146709;0.009045116523185353
FR045C2;Pau;1087;110987;0.009793939830790993
FR046C2;Bayonne;1268;110408;0.011484675023549018
FR047C2;Annemasse;363;58700;0.006183986371379898
FR048C1;Annecy;1019;119454;0.008530480352269493
FR049C2;Lorient;840;79848;0.010519987977156597
FR050C2;Montbéliard;965;117063;0.008243424480835105
FR051C2;Troyes;964;104569;0.009218793332632041
FR052C2;Saint-Nazaire;666;67940;0.009802767147483073
FR053C1;La Rochelle;817;81359;0.010041913002863851
FR056C1;Angoulême;1029;104137;0.009881214169795557
FR057C2;Boulogne-sur-Mer;798;78308;0.01019052970322317
FR058C2;Chambéry;788;85239;0.009244594610448268
FR059C2;Chalon-sur-Saône;894;105136;0.008503271952518642
FR060C2;Chartres;681;76619;0.008888134796851957
FR061C2;Niort;934;103707;0.009006142304762457
FR062C1;Calais;663;72589;0.009133615286062626
FR063C2;Béziers;879;72970;0.012046046320405646
FR064C2;Arras;677;68963;0.00981685831532851
FR065C2;Bourges;748;66666;0.01122011220112201
FR066C1;Saint-Brieuc;729;65326;0.011159415852799804
FR067C2;Quimper;827;87037;0.009501706170938796
FR068C2;Vannes;1135;133852;0.008479514687864209
FR069C1;Cherbourg;840;81103;0.010357200103572
FR073C2;Tarbes;885;73677;0.01201188973492406
FR074C2;Compiègne;574;69951;0.00820574402081457
FR076C2;Belfort;650;65410;0.009937318452835959
FR077C1;Roanne;513;46524;0.01102656693319577
FR079C2;Saint-Quentin;575;56217;0.010228222779586247
FR082C2;Beauvais;672;78770;0.008531166687825314
FR084C1;Creil;524;71653;0.0073130224833572914
FR086C2;Evreux;613;81100;0.0075585696670776815
FR090C2;Châteauroux;685;71750;0.009547038327526132
FR093C2;Brive-la-Gaillarde;818;78049;0.01048059552332509
FR096C2;Albi;885;80962;0.010931054074751118
FR099C1;Fréjus;982;86647;0.011333341027386984
FR104C2;Châlons-en-Champagne;540;63594;0.008491367110104727
FR201C1;Aubagne;994;103364;0.00961650090940753
FR202C1;Aix-en-Provence;1160;141148;0.008218324028679117
FR203C1;Marseille;7839;884102;0.00886662398682505
FR205C2;Nice;7449;674227;0.011048207799450333
FR206C1;CA de Sophia-Antipolis;1646;174277;0.009444734531808557
FR207C1;Lens - Liévin;2036;182927;0.011130122945218585
FR208C1;Hénin - Carvin;1240;124049;0.009996049948004418
FR209C2;Douai;885;88532;0.00999638548773325
FR210C1;Marne la Vallée;383;87712;0.004366563298066399
FR211C1;Versailles;1121;181024;0.006192549054269047
FR212C1;CC de la Boucle de la Seine;1003;170904;0.005868791836352572
FR213C1;Sénart en Essonne;82;18169;0.004513181793164181
FR214C1;Valence;851;92754;0.009174806477348686
FR215C2;Rouen;2740;308253;0.008888802379863295
FR216C1;CA Marne et Chantereine;439;77294;0.005679612906564545
FR217C1;CA des deux Rives de la Seine;381;64784;0.005881081748579897
FR218C1;CC des Coteaux de la Seine;246;36726;0.006698251919620977
FR219C1;CA Europ' Essonne;829;136031;0.0060941991163778846
FR220C1;CA Brie Francilienne;342;60151;0.005685691010955761
FR221C1;CA les Portes de l'Essonne;306;51886;0.00589754461704506
FR222C1;CA Val et Forêt;657;84505;0.0077746878882906335
FR223C1;CC de l'Ouest de la Plaine de France;232;46875;0.004949333333333333
FR224C1;CA le Parisis;553;91879;0.006018785576682376
FR304C1;Melun;537;83961;0.006395826633794261
FR305C1;Meaux;391;62324;0.006273666645273089
FR306C1;Mantes en Yvelines;533;85512;0.00623304331555805
FR308C1;Evry;473;114503;0.004130896133725754
FR309C1;CA du Plateau de Saclay;508;96738;0.0052512973185304635
FR310C1;CA de Seine Essonne;415;67904;0.0061115692742695574
FR311C1;CA du Val d'Orge;746;130024;0.005737402325724482
FR312C1;CA du Val d'Yerres;660;90878;0.007262483769449151
FR313C1;CA Sénart - Val de Seine;603;82324;0.007324716971964434
FR322C1;CA Val de France;760;139967;0.005429851322097352
FR323C1;CA de la Vallée de Montmorency;827;109254;0.0075695169055595216
FR324C1;Martigues;554;64736;0.008557834898665349
FR501C1;Argenteuil - Bezons;764;133101;0.005740001953403806
FR504C1;Cergy-Pontoise;782;194734;0.004015734283689546
FR505C1;Charleville-Mézières;770;67975;0.011327694005148952
FR506C1;Colmar;591;67257;0.008787189437530665
FR512C1;CA des Lacs de l'Essonne;280;58934;0.004751077476499135
FR518C1;Saint-Quentin en Yvelines;518;144467;0.0035855939418690773
FR519C1;Cannes;1075;73744;0.014577457149056195
HR001C1;Zagreb;8360;793049;0.010541593268511782
HR002C1;Rijeka;1569;124838;0.01256828850189846
HR003C1;Slavonski Brod;617;57764;0.010681393255314729
HR004C1;Osijek;1282;106345;0.012055103672010908
HR005C1;Split;1784;175353;0.010173763779347944
HR006C1;Pula - Pola;668;56676;0.011786294022161055
HR007C1;Zadar;755;75537;0.009995101738221004
HU001C1;Budapest;21741;1727495;0.012585275210637369
HU002C1;Miskolc;2305;164973;0.013971983294236026
HU003C1;Nyíregyháza;1253;118192;0.010601394341410586
HU004C1;Pécs;1963;149992;0.013087364659448503
HU005C1;Debrecen;2062;205076;0.010054808948877489
HU006C1;Szeged;1844;162183;0.011369872304742174
HU007C1;Gyõr;1512;128193;0.011794715780112798
HU008C1;Kecskemét;1281;111264;0.011513157894736841
HU009C1;Székesfehérvár;1091;99617;0.01095194595299999
HU010C1;Szombathely;945;77593;0.012178933666696739
HU011C1;Szolnok;916;72786;0.012584837743522106
HU012C1;Tatabánya;1060;66791;0.015870401700827957
HU013C1;Veszprém;642;60761;0.010565988051546222
HU014C1;Békéscsaba;779;60334;0.012911459541883516
HU015C1;Kaposvár;868;63742;0.013617395124094003
HU016C1;Eger;641;54609;0.011737991906096064
HU017C1;Dunaújváros;665;46052;0.01444019803700165
HU018C1;Zalaegerszeg;740;58959;0.012551094828609713
HU019C1;Sopron;634;61780;0.010262220783425056
IE001C1;Dublin;4176;516255;0.008089025772147485
IE002C1;Cork;1070;118713;0.009013334681121697
IE003C1;Limerick;497;56980;0.008722358722358723
IE004C1;Galway;336;73963;0.004542811946513798
IE005C1;Waterford;350;46583;0.007513470579395917
